{
  "recipes": [
    {
      "title": "Sugar Cookies",
      "image" : "http://food.fnr.sndimg.com/content/dam/images/food/fullset/2011/11/12/0/12-Days-of-Cookies_sugar-cookies-012_s4x3.jpg.rend.hgtvcom.616.462.suffix/1382540976299.jpeg",
      "url": "http://www.seriouseats.com/recipes/2008/12/sugar-cookies-recipe-gina-depalma-holidays.html",
      "description": "To be served warm, when they're nice and chewy, with jam or with strawberries and cream. When cooled and left unadorned, they become crisp and buttery sugar cookies.",
      "servings": 50,
      "prepTime": 25,
      "dietLabel": "Low-Sodium",
      "calories": 220,
      "recipeCategory":"Dessert",
      "cookingMethod":"baking",
      "rating":4.8,
      "ingredients":[
        "unbleached all purpose flour",
        "egg yolks",
        "kosher salt",
        "canola oil",
        "vanilla extract",
        "granulated sugar",
        "finely grated lemon zest"
      ]
    },

    {
      "title": "Pretzel Dumplings With Creamed Chanterelle Mushrooms",
      "image" : "https://www.edamam.com/web-img/1d0/1d0075b30ec5fc368ce9ccaf3156462a.jpg",
      "url": "http://www.deliciousdays.com/archives/2006/10/03/land-of-the-dumplings/",
      "description": "A warm homey dish",
      "servings": 10,
      "prepTime": 60,
      "dietLabel": "Low-Carb",
      "calories": 879,
      "recipeCategory":"Entree",
      "cookingMethod":"pan frying",
      "rating":3.9,
      "ingredients":[
        "pretzels",
        "hot milk",
        "butter",
        "bacon",
        "onion",
        "eggs",
        "parsley",
        "salt"
      ]

    },

    {
      "title": "Stir-Fried Rice with Chinese Sausage",
      "image" : "https://iowagirleats.com/wp-content/uploads/2012/08/DSC_0091_thumb.jpg",
      "url": "http://www.seriouseats.com/recipes/2011/06/stir-fried-rice-with-chinese-sausage-recipe.html",
      "description": "While slices of Chinese sausage are good in any stir-fry, my favorite way to use them is in a rice or noodle dish, so the staple soaks ups the fat rendered from the sausage. Used in fried rice, the sausages impart a rich taste to each kernel.",
      "servings": 4,
      "prepTime": 20,
      "dietLabel": "Balanced",
      "calories": 693,
      "recipeCategory":"Entree",
      "cookingMethod":"pan frying",
      "rating":4.3,
      "ingredients":[
        "Chinese sausage",
        "sugar",
        "garlic",
        "white pepper",
        "cold cooked rice",
        "light soy sauce",
        "salt",
        "green onion"
      ]
    },

    {
      "title": "Five-Spice Chicken Wings",
      "image" : "http://mixingbowlkids.typepad.com/.a/6a010536fe5b48970c01b8d224a042970c-pi",
      "url": "http://www.epicurious.com/recipes/food/views/Five-Spice-Chicken-Wings-109520",
      "description": "The sweet heat from the Chinese five-spice powder may not be what you typically think of in terms of incendiary wings, and the crisp skin comes from the blast of a hot oven rather than the splattering of hot oil. Yet we’re quite, quite taken with them all the same. Wingdings for dinner.",
      "servings": 4,
      "prepTime": 35,
      "dietLabel": "Low-Carb",
      "calories": 800,
      "recipeCategory":"Appetizer",
      "cookingMethod":"baking",
      "rating":5.0,
      "ingredients":[
        "minced garlic",
        "Chinese five-spice powder",
        "salt",
        "soy sauce",
        "chicken wings"
      ]

    },

    {
      "title": "Grilled Deviled Chicken Under a Brick",
      "image" : "http://www.edamam.com/web-img/5f5/5f51c89f832d50da84e3c05bef3f66f9.jpg",
      "url": "http://www.delish.com/cooking/recipe-ideas/recipes/a11249/grilled-deviled-chickens-under-brick-mslo0510-recipe/",
      "description": "Grilling these chickens under a heavy weight will help them cook quickly and evenly, leaving them crisp and juicy.",
      "servings": 4,
      "prepTime": 360,
      "dietLabel": "Low-Carb", 
      "calories": 1080,
      "recipeCategory":"Entree",
      "cookingMethod":"grilling",
      "rating":4.6,
      "ingredients":[
        "chicken breast",
        "lemons",
        "garlic",
        "crushed red-pepper flakes",
        "finely chopped fresh thyme",
        "finely chopped fresh rosemary",
        "olive oil",
        "salt"
      ]

    },

    {
      "title": "Chinese Pork Ribs",
      "image" : "https://www.lordbyronskitchen.com/wp-content/uploads/2018/01/1-10.jpg",
      "url": "http://www.seriouseats.com/recipes/2009/07/grilling-chinese-style-spare-ribs-recipe.html",
      "description": "A super quick family favorite.",
      "servings": 4,
      "prepTime": 80,
      "dietLabel": "Medium-Carb",
      "calories": 820,
      "recipeCategory":"Entree",
      "cookingMethod":"grilling",
      "rating":3.0,
      "ingredients":[
        "hoisin sauce",
        "soy sauce",
        "sugar",
        "red food coloring",
        "Chinese five spice powder",
        "dry sherry",
        "minced garlic",
        "spare ribs"
      ]

    },

    {
      "title": "Korean Rice Cakes",
      "image" : "http://www.beyondkimchee.com/wp-content/uploads/blogger/_UOpVKba4CCo/S9kl0RkmEwI/AAAAAAAAAt4/OWJ5WB4VyRQ/s1600/IMGP3507.jpg",
      "url": "http://www.seriouseats.com/recipes/2010/11/seriously-asian-korean-rice-cakes-dok-boki.html",
      "description": "Rice cake, called tteok in Korean, is a much-loved traditional dish with many many variations. No festival day, anniversary, or celebrations is complete without them. They are very chewy, and may be an acquired taste, but once you get hooked you'll crave them all the time.",
      "servings": 4,
      "prepTime": 40,
      "dietLabel": "Low-Fat",
      "calories": 480,
      "recipeCategory":"Appetizer",
      "cookingMethod":"pan frying",
      "rating":3.0,
      "ingredients":[
        "rice cake sticks",
        "light soy sauce",
        "Korean chili pepper paste",
        "sugar",
        "rice vinegar"
      ]

    },

    {
      "title": "Dump Cake",
      "image" : "https://4.bp.blogspot.com/-kHg0WGAJ7YU/V8XlccXn2aI/AAAAAAAAixw/gbsR6lJQ62c70-ky98aV0Dil5lqZnj1ngCLcB/s1600/Cherry%2BDump%2BCake%2B%2528copyrighted%252C%2Bwww.thecountrycook.net%2529.jpg",
      "url": "http://www.epicurious.com/recipes/member/views/DUMP-CAKE-50059991",
      "description": "Don’t let the name scare you. It’s a really simple dessert — usually made with a base of cake mix + fruit filling — where, true to its name, you can dump the ingredients into a pan, give it a stir, and bake.",
      "servings": 12,
      "prepTime": 50,
      "dietLabel": "Vegetarian",
      "calories": 1820,
      "recipeCategory":"Dessert",
      "cookingMethod":"baking",
      "rating":2.8,
      "ingredients":[
        "Cherry Pie Filling",
        "crushed pineapple",
        "Yellow Cake Mix",
        "butter",
        "Flaked Coconut",
        "Chopped Walnuts"
      ]

    },

    {
      "title": "Creamed Candy Corn",
      "image" : "http://del.h-cdn.co/assets/16/42/980x490/landscape-1476889431-delish-candy-corn-ice-cream-01.jpg",
      "url": "http://www.seriouseats.com/recipes/2010/11/cakespy-creamed-candy-corn-recipe.html",
      "description": "The resulting candy corn slurry is certainly one of those dishes that straddles the line between awful and awesome: that is to say, you might just like it, but you probably wouldn't confess that to your foodie friends.",
      "servings": 6,
      "prepTime": 20,
      "dietLabel": "Vegetarian",
      "calories": 120,
      "recipeCategory":"Dessert",
      "cookingMethod":"N/A",
      "rating":1.5,
      "ingredients":[
        "half and half",
        "instant vanilla pudding mix",
        "butter",
        "candy corn"
      ]
    },

    {
      "title": "Buttermilk Creams with Strawberries",
      "image" : "https://assets.marthastewart.com/styles/wmax-300/d25/med104694_0509_strawberry/med104694_0509_strawberry_vert.jpg?itok=2OCcuKd5",
      "url": "http://www.marthastewart.com/314096/buttermilk-creams-with-strawberries",
      "description": "Whipped cream gives these no-bake eggless custards a delicate texture. Don't worry if the mixture forms clumps at first -- it will come together with gentle folding.",
      "servings": 8,
      "prepTime": 20,
      "dietLabel": "Low-Sodium",
      "calories": 730,
      "recipeCategory":"Dessert",
      "cookingMethod":"N/A",
      "rating":2.8,
      "ingredients":[
        "unflavored gelatin",
        "sugar",
        "buttermilk",
        "heavy cream",
        "strawberries",
        "lemon juice"
      ]
    },


  {
      "title": "World's Best Lasagna",
      "image" : "https://www.recipetineats.com/wp-content/uploads/2017/05/Lasagne-recipe-3-main.jpg",
      "url": "http://allrecipes.com/recipe/23600/worlds-best-lasagna/",
      "description": "It takes a little work, but it is worth it.",
      "servings": 12,
      "prepTime": 195,
      "dietLabel": "High-Carb",
      "calories": 1700,
      "recipeCategory":"Entree",
      "cookingMethod":"baking",
      "rating":5.0,
      "ingredients":[
        "sweet Italian sausage",
        "lean ground beef",
        "minced onion",
        "garlic",
        "crushed tomatoes",
        "tomato paste",
        "tomato sauce",
        "water",
        "sugar",
        "dried basil leaves",
        "fennel seeds",
        "Italian seasoning",
        "salt",
        "black pepper",
        "parsley",
        "lasagna noodles",
        "ricotta cheese",
        "egg",
        "mozzarella cheese",
        "Parmesan cheese"
      ]

    },

  {
      "title": "Coconut Chutney",
      "image" : "https://www.seriouseats.com/2018/02/20180209-coconut-chutney-vicky-wasik-1-2-1500x1125.jpg",
      "url": "https://www.seriouseats.com/recipes/2018/02/coconut-chutney-recipe.html",
      "description": "This coconut chutney, simply seasoned with a touch of black mustard seed and tamarind, is the classic served alongside nearly every idli or dosa you can find.",
      "servings": 8,
      "prepTime": 15,
      "dietLabel": "Vegetarian",
      "calories": 760,
      "recipeCategory":"Entree",
      "cookingMethod":"N/A",
      "rating":3.4,
      "ingredients":[

        "ghee",
        "yellow split lentils",
        "unsweetened desiccated coconut",
        "water",
        "seedless tamarind paste",
        "sugar",
        "Kashmiri red chili powder",
        "salt"
      ]

    }

  ]
}